subject,score,lh_c4,rh_c3,feet_cz,lh_contra,rh_contra,clean,n_drop
A03,-118.88432095421207,-51.22150331556446,-67.66281763864761,-20.874289527770223,True,True,270,18
A09,-92.10379753483272,-58.90413737974881,-33.19966015508392,-17.87296019234028,True,True,237,51
A08,-66.39923805684013,-34.26081464806464,-32.138423408775495,-32.97943007148708,True,True,264,24
A07,-38.32431516061793,-48.04659801894407,-40.27771714167386,-21.47051205689276,True,False,271,17
A05,-0.16891689644792152,-23.212251119428043,-6.956665777019879,19.29318324409654,True,True,262,26
A06,3.693881858880779,-15.26123490986762,-11.044883231251603,14.244680967229622,True,True,219,69
A01,38.63571538452305,-15.625279253582107,-25.739005361894844,8.436259418614435,True,False,273,15
A04,82.53408980537941,12.077787703454403,-9.543697898075,9.599342553503982,False,True,262,26
A02,116.87955031705272,29.605618131733973,7.273932185318737,36.499419553047396,False,True,270,18
